선택군_코드,선택군_학년학기,선택군_원문,선택군_선택수,선택군_과목당학점,선택군_총학점,선택군_행범위,대상과목수,대상과목목록
2-1-택1(3),2-1,택1 (3),1,3,3,55:58,4,인공지능 기초; 로봇과 공학세계; 일본어; 중국어
2-1-택4(3),2-1,"택4 (3)

*2학년 국수영 최대3개까지",4,3,12,42:54,13,주제 탐구 독서; 인공지능 수학; 영어 발표와 토론; 세계사; 사회와 문화; 도시의 미래 탐구; 경제; 인문학과 윤리; 물리학; 화학; 생명과학; 지구과학; 프로그래밍
2-2-택1(3),2-2,택1 (3),1,3,3,74:77,4,데이터 과학; 창의 공학 설계; 심화 일본어; 심화 중국어
2-2-택4(3),2-2,"택4 (3)

*2학년 국수영 최대3개까지",4,3,12,59:73,15,언어생활 탐구; 매체 의사소통; 기하; 경제 수학; 영미 문학 읽기; 실생활 영어 회화; 세계시민과 지리; 동아시아 역사 기행; 정치; 윤리와 사상; 역학과 에너지; 물질과 에너지; 세포와 물질대사; 지구시스템과학; 사물 인터넷과 센서 제어
3-1-택1(3),3-1,택1 (3),1,3,3,78:99,5,독서 토론과 글쓰기; 미적분Ⅱ; 심화 영어; 음악 감상과 비평; 미술 감상과 비평
3-1-택3(3),3-1,택3 (3),3,3,9,81:97,17,현대사회와 윤리; 한국지리 탐구; 국제 관계의 이해; 전자기와 양자; 화학 반응의 세계; 생물의 유전; 행성우주과학; 물리학 실험; 화학 실험; 생명과학 실험; 지구과학 실험; 기초 체육 전공 실기; 정보과학; 정보과제연구; 일본어 회화; 중국어 회화; 논술
3-2-택1(3),3-2,택1 (3),1,3,3,116:121,6,소프트웨어와 생활; 일본 문화; 중국 문화; 보건; 음악 연주와 창작; 미술 창작
3-2-택3(3),3-2,택3 (3),3,3,9,107:115,9,역사로 탐구하는 현대 세계; 사회문제 탐구; 금융과 경제생활; 기후변화와 지속가능한 세계; 윤리 문제 탐구; 과학의 역사와 문화; 기후변화와 환경생태; 융합과학 탐구; 과학과제 연구
3-2-택4(3),3-2,"택4 (3)
국수영 각 1개
이상 택",4,3,12,100:106,7,문학과 영상; 직무 의사소통; 실용 통계; 수학과 문화; 세계 문화와 영어; 미디어 영어; 심화 체육 전공 실기
